date, time, event_title, link
Dec 31 2018, 9:00 PM, Post Malone, https://www.barclayscenter.com/events/detail/post-malone-2018
Dec 29 2018, 7:30 PM, Post Malone, https://www.barclayscenter.com/events/detail/post-malone-2018
Dec 28 2018, 7:00 PM, New York Islanders vs. Ottawa Senators, https://www.barclayscenter.com/events/detail/new-york-islanders-vs-ottawa-senators-2018-12-28
Dec 27 2018, 7:00 PM, Harlem Globetrotters, https://www.barclayscenter.com/events/detail/original-harlem-globetrotters
Dec 26 2018, 7:30 PM, Brooklyn Nets vs. Charlotte Hornets, https://www.barclayscenter.com/events/detail/brooklyn-nets-vs-charlotte-hornets-2018-12-26
Dec 23 2018, 6:00 PM, Brooklyn Nets vs. Phoenix Suns, https://www.barclayscenter.com/events/detail/brooklyn-nets-vs-phoenix-suns-2018-12-23
Dec 22 2018, @ TBA, Premier Boxing Champions: Jermall Charlo vs. Willie Monroe Jr., https://www.barclayscenter.com/events/detail/premier-boxing-champions-2018
Dec 21 2018, 7:30 PM, Brooklyn Nets vs. Indiana Pacers, https://www.barclayscenter.com/events/detail/brooklyn-nets-vs-indiana-pacers-2018-12-21
Dec 19 2018, 8:00 PM, Michelle Obama, https://www.barclayscenter.com/events/detail/michelle-obama-2018
Dec 18 2018, 7:30 PM, Brooklyn Nets vs. Los Angeles Lakers, https://www.barclayscenter.com/events/detail/brooklyn-nets-vs-los-angeles-lakers-2018-12-18
Dec 16 2018, 3:00 PM, Brooklyn Nets vs. Atlanta Hawks, https://www.barclayscenter.com/events/detail/brooklyn-nets-vs-atlanta-hawks-2018-12-16
Dec 15 2018, 8:00 PM, Ghost, https://www.barclayscenter.com/events/detail/ghost-2018
Dec 14 2018, 7:30 PM, Brooklyn Nets vs. Washington Wizards, https://www.barclayscenter.com/events/detail/brooklyn-nets-vs-atlanta-hawks-2018-12-14
Dec 12 2018, 7:00 PM, New York Islanders vs. Vegas Golden Knights, https://www.barclayscenter.com/events/detail/new-york-islanders-vs-vegas-golden-knights-2018-11-27
Dec 9 2018, 4:30 PM, Battle in the Apple Basketball Showcase, https://www.barclayscenter.com/events/detail/battle-in-the-apple-basketball-showcase-2018
Dec 7 2018, 7:30 PM, Brooklyn Nets vs. Toronto Raptors, https://www.barclayscenter.com/events/detail/brooklyn-nets-vs-toronto-raptors-2018-12-7
Dec 6 2018, 7:00 PM, ALT 92.3 Presents Not So Silent Night, https://www.barclayscenter.com/events/detail/alt-923-presents-not-so-silent-night-2018
Dec 5 2018, 7:30 PM, Brooklyn Nets vs. Oklahoma City Thunder, https://www.barclayscenter.com/events/detail/brooklyn-nets-vs-oklahoma-city-thunder-2018-12-5
Dec 4 2018, 7:00 PM, New York Islanders vs. Winnipeg Jets, https://www.barclayscenter.com/events/detail/new-york-islanders-vs-winipeg-jets-2018-11-26
Dec 3 2018, 7:30 PM, Brooklyn Nets vs. Cleveland Cavaliers, https://www.barclayscenter.com/events/detail/brooklyn-nets-vs-cleveland-cavaliers-2018-12-3
Dec 1 2018, 8:00 PM, Michelle Obama, https://www.barclayscenter.com/events/detail/michelle-obama-2018
Nov 30 2018, 7:30 PM, Brooklyn Nets vs. Memphis Grizzlies, https://www.barclayscenter.com/events/detail/brooklyn-nets-vs-memphis-grizzlies-2018-11-30
Nov 28 2018, 7:30 PM, Brooklyn Nets vs. Utah Jazz, https://www.barclayscenter.com/events/detail/brooklyn-nets-vs-utah-jazz-2018-11-28
Nov 26 2018, 7:00 PM, New York Islanders vs. Washington Capitals, https://www.barclayscenter.com/events/detail/new-york-islanders-vs-washington-capitals-2018-11-25
Nov 25 2018, 12:00 PM, Harlem Globetrotters, https://www.barclayscenter.com/events/detail/original-harlem-globetrotters-2018
Nov 24 2018, 7:00 PM, New York Islanders vs. Carolina Hurricanes, https://www.barclayscenter.com/events/detail/new-york-islanders-vs-carolina-hurricanes-2018-11-24
Nov 23 2018, 12:00 PM, Brooklyn Nets vs. Minnesota Timberwolves, https://www.barclayscenter.com/events/detail/brooklyn-nets-vs-minnesota-timberwolves-2018-11-23
Nov 21 2018, 12:00 PM, Barclays Center Classic Presented by Honda, https://www.barclayscenter.com/events/detail/barclays-center-classic-2018
Nov 20 2018, 5:00 PM, GotPrint.com Legends Classic Presented by Old Trapper, https://www.barclayscenter.com/events/detail/legends-classic-2018
Nov 19 2018, 7:00 PM, GotPrint.com Legends Classic Presented by Old Trapper, https://www.barclayscenter.com/events/detail/legends-classic-2018
Nov 18 2018, 1:00 PM, New York Islanders vs. Dallas Stars, https://www.barclayscenter.com/events/detail/new-york-islanders-vs-dallas-stars-2018-11-18
Nov 17 2018, 6:00 PM, Brooklyn Nets vs. Los Angeles Clippers, https://www.barclayscenter.com/events/detail/brooklyn-nets-vs-los-angeles-clippers-2018-11-17
Nov 15 2018, 7:00 PM, New York Islanders vs. New York Rangers, https://www.barclayscenter.com/events/detail/new-york-islanders-vs-new-york-rangers-2018-11-15
Nov 14 2018, 7:30 PM, Brooklyn Nets vs. Miami Heat, https://www.barclayscenter.com/events/detail/brooklyn-nets-vs-miami-heat-2018-11-14
Nov 13 2018, 7:00 PM, New York Islanders vs. Vancouver Canucks, https://www.barclayscenter.com/events/detail/new-york-islanders-vs-vancouver-canucks-2018-11-13
Nov 11 2018, 11:00 AM, Disney On Ice presents Mickey’s Search Party, https://www.barclayscenter.com/events/detail/disney-on-ice-presents-mickeys-search-party-2018
Nov 10 2018, 11:00 AM, Disney On Ice presents Mickey’s Search Party, https://www.barclayscenter.com/events/detail/disney-on-ice-presents-mickeys-search-party-2018
Nov 9 2018, 7:00 PM, Disney On Ice presents Mickey’s Search Party, https://www.barclayscenter.com/events/detail/disney-on-ice-presents-mickeys-search-party-2018
Nov 8 2018, 11:00 AM, Disney On Ice presents Mickey’s Search Party, https://www.barclayscenter.com/events/detail/disney-on-ice-presents-mickeys-search-party-2018
Nov 7 2018, 7:00 PM, Disney On Ice presents Mickey’s Search Party, https://www.barclayscenter.com/events/detail/disney-on-ice-presents-mickeys-search-party-2018
Nov 5 2018, 7:00 PM, New York Islanders vs. Montreal Canadiens, https://www.barclayscenter.com/events/detail/new-york-islanders-vs-montreal-canadians-2018-11-5
Nov 4 2018, 6:00 PM, Brooklyn Nets vs. Philadelphia 76ers, https://www.barclayscenter.com/events/detail/brooklyn-nets-vs-philadelphia-76ers-2018-11-4
Nov 3 2018, 7:00 PM, New York Islanders vs. New Jersey Devils, https://www.barclayscenter.com/events/detail/new-york-islanders-vs-new-jersey-devils-2018-11-3
Nov 2 2018, 7:30 PM, Brooklyn Nets vs. Houston Rockets, https://www.barclayscenter.com/events/detail/brooklyn-nets-vs-houston-rockets-2018-11-02
Nov 1 2018, 7:00 PM, New York Islanders vs. Pittsburgh Penguins, https://www.barclayscenter.com/events/detail/new-york-islanders-vs-pittsburgh-penguins-2018-11-1
Oct 31 2018, 7:30 PM, Brooklyn Nets vs. Detroit Pistons, https://www.barclayscenter.com/events/detail/brooklyn-nets-vs-detroit-pistons-2018-10-31
Oct 28 2018, 5:00 PM, Brooklyn Nets vs. Golden State Warriors, https://www.barclayscenter.com/events/detail/brooklyn-nets-vs-golden-state-warriors-2018-10-28
Oct 27 2018, 7:30 PM, Keith Urban, https://www.barclayscenter.com/events/detail/keith-urban-2018
Oct 26 2018, 7:15 PM, Nick Cave & The Bad Seeds, https://www.barclayscenter.com/events/detail/nick-cave-the-bad-seeds-2018
Oct 24 2018, 7:00 PM, New York Islanders vs. Florida Panthers, https://www.barclayscenter.com/events/detail/new-york-islanders-vs-florida-panthers-2018-10-24
Oct 23 2018, 8:00 PM, TIDAL X: BROOKLYN, https://www.barclayscenter.com/events/detail/tidal-x-brooklyn-2018
Oct 20 2018, 8:00 PM, J Balvin, https://www.barclayscenter.com/events/detail/j-balvin-2018
Oct 19 2018, 7:30 PM, Brooklyn Nets vs. New York Knicks, https://www.barclayscenter.com/events/detail/brooklyn-nets-vs-new-york-knicks-2018-10-19
Oct 18 2018, 7:30 PM, CANCELLED – So So Def 25th Cultural Curren$y Tour, https://www.barclayscenter.com/events/detail/so-so-def-25th-cultural-curreny-tour
Oct 14 2018, 8:00 PM, Phil Collins, https://www.barclayscenter.com/events/detail/phil-collins-2018
Oct 13 2018, 8:00 PM, Gorillaz, https://www.barclayscenter.com/events/detail/gorillaz-2018
Oct 9 2018, 7:00 PM, Florence + the Machine, https://www.barclayscenter.com/events/detail/florence-the-machine-2018
Oct 8 2018, 1:00 PM, New York Islanders vs. San Jose Sharks, https://www.barclayscenter.com/events/detail/new-york-islanders-vs-san-jose-sharks-2018-10-8
Oct 7 2018, 8:00 PM, Romeo Santos, https://www.barclayscenter.com/events/detail/romeo-santos-2018
Oct 6 2018, 7:00 PM, New York Islanders vs. Nashville Predators, https://www.barclayscenter.com/events/detail/new-york-islanders-vs-nashville-predators-2018-10-06
Oct 5 2018, 8:00 PM, Bruno Mars, https://www.barclayscenter.com/events/detail/bruno-mars-2018
Oct 4 2018, 8:00 PM, Bruno Mars, https://www.barclayscenter.com/events/detail/bruno-mars-2018
Oct 3 2018, 7:30 PM, Brooklyn Nets vs. New York Knicks, https://www.barclayscenter.com/events/detail/brooklyn-nets-vs-new-york-knicks-2018-10-03
Sep 30 2018, 10:00 AM, ESL One New York powered by Intel, https://www.barclayscenter.com/events/detail/esl-one-new-york-powered-by-intel-2018
Sep 29 2018, 10:00 AM, ESL One New York powered by Intel, https://www.barclayscenter.com/events/detail/esl-one-new-york-powered-by-intel-2018
Sep 23 2018, 10:30 AM, Sesame Street Live! Let’s Party!, https://www.barclayscenter.com/events/detail/sesame-street-live-lets-party-2018
Sep 22 2018, 10:30 AM, Sesame Street Live! Let’s Party!, https://www.barclayscenter.com/events/detail/sesame-street-live-lets-party-2018
Sep 21 2018, 5:30 PM, Sesame Street Live! Let’s Party!, https://www.barclayscenter.com/events/detail/sesame-street-live-lets-party-2018
Sep 20 2018, 7:00 PM, New York Islanders vs. New Jersey Devils, https://www.barclayscenter.com/events/detail/new-york-islanders-vs-new-jersey-devils-2018-09-20
Sep 18 2018, 7:00 PM, New York Islanders vs. Philadelphia Flyers, https://www.barclayscenter.com/events/detail/new-york-islanders-vs-philadelphia-flyers-2018-09-18
Sep 8 2018, @ TBA, Premier Boxing Champions: Danny Garcia vs. Shawn Porter, https://www.barclayscenter.com/events/detail/premier-boxing-champions-danny-garcia-vs-shawn-porter-2018
Sep 1 2018, 7:00 PM, Drake, https://www.barclayscenter.com/events/detail/drake-2018
Aug 31 2018, 7:00 PM, Drake, https://www.barclayscenter.com/events/detail/drake-2018
Aug 30 2018, 7:00 PM, Drake, https://www.barclayscenter.com/events/detail/drake-2018
Aug 26 2018, 8:00 PM, Nick Cannon Presents: Wild ‘N Out Live, https://www.barclayscenter.com/events/detail/nick-cannon-presents-wild-n-out-live-2018
Aug 24 2018, 7:00 PM, Power 105.1 Presents BIG3, https://www.barclayscenter.com/events/detail/power-1051-presents-big3-2018
Aug 21 2018, 7:45 PM, WWE SmackDown LIVE, https://www.barclayscenter.com/events/detail/wwe-smackdown-live-2018
Aug 20 2018, 7:30 PM, WWE Monday Night RAW, https://www.barclayscenter.com/events/detail/wwe-monday-night-raw-2018-08-20
Aug 19 2018, 6:00 PM, WWE SummerSlam, https://www.barclayscenter.com/events/detail/wwe-summerslam-2018
Aug 18 2018, 10:00 AM, WWE Superstar Meet & Greets, https://www.barclayscenter.com/events/detail/wwe-superstar-meet-greets-2018
Aug 17 2018, 1:00 PM, WWE Superstar Meet & Greets, https://www.barclayscenter.com/events/detail/wwe-superstar-meet-greets-2018
Aug 3 2018, @ TBA, Hillsong Conference 2018, https://www.barclayscenter.com/events/detail/hillsong-conference-2018
Aug 2 2018, @ TBA, Hillsong Conference 2018, https://www.barclayscenter.com/events/detail/hillsong-conference-2018
Aug 1 2018, @ TBA, Hillsong Conference 2018, https://www.barclayscenter.com/events/detail/hillsong-conference-2018
Jul 28 2018, 3:00 PM, Overwatch League Grand Finals 2018, https://www.barclayscenter.com/events/detail/overwatch-league-grand-finals-2018
Jul 27 2018, 7:00 PM, Overwatch League Grand Finals 2018, https://www.barclayscenter.com/events/detail/overwatch-league-grand-finals-2018
Jul 16 2018, 7:00 PM, Chris Brown, https://www.barclayscenter.com/events/detail/chris-brown-2018
Jul 14 2018, 7:30 PM, Shania Twain, https://www.barclayscenter.com/events/detail/shania-twain-2018
Jul 13 2018, 2:30 PM, Joel Osteen, https://www.barclayscenter.com/events/detail/joel-osteen-2018
Jul 11 2018, 8:00 PM, GOT7, https://www.barclayscenter.com/events/detail/got7-2018
Jun 27 2018, 8:00 PM, Sam Smith, https://www.barclayscenter.com/events/detail/sam-smith-2018
Jun 26 2018, 7:00 PM, Paramore, https://www.barclayscenter.com/events/detail/paramore-2018
Jun 21 2018, 7:00 PM, NBA Draft 2018, https://www.barclayscenter.com/events/detail/nba-draft-2018
Jun 9 2018, 8:00 PM, The 34th New York Salsa Festival, https://www.barclayscenter.com/events/detail/the-34th-new-york-salsa-festival-2018
Jun 8 2018, 8:00 PM, Soulfrito Fest 2018, https://www.barclayscenter.com/events/detail/soulfrito-fest-2018
Jun 6 2018, 7:30 PM, Depeche Mode, https://www.barclayscenter.com/events/detail/depeche-mode-2018
Jun 1 2018, 7:30 PM, YO! MTV Raps: 30th Anniversary Experience, https://www.barclayscenter.com/events/detail/yo-mtv-raps-30th-anniversary-experience-2018
May 12 2018, 7:00 PM, Mother’s Day Good Music Festival, https://www.barclayscenter.com/events/detail/mothers-day-good-music-festival-2018
May 11 2018, 7:30 PM, Kygo, https://www.barclayscenter.com/events/detail/kygo-2018
Apr 28 2018, 6:00 PM, Eddie Hearn Presents: Daniel Jacobs vs. Maciej Sulecki, https://www.barclayscenter.com/events/detail/eddie-hearn-presents-daniel-jacobs-vs-maciej-sulecki
Apr 21 2018, 6:00 PM, Premier Boxing Champions: Adrien Broner vs. Jessie Vargas, https://www.barclayscenter.com/events/detail/premier-boxing-champions-adrien-broner-vs-jessie-vargas
Apr 20 2018, 7:30 PM, Martin Lawrence, https://www.barclayscenter.com/events/detail/martin-lawrence-2018
Apr 9 2018, 7:30 PM, Brooklyn Nets vs. Chicago Bulls, https://www.barclayscenter.com/events/detail/brooklyn-nets-vs-chicago-bulls-2018-04-09
Apr 8 2018, 2:30 PM, Jordan Brand Classic, https://www.barclayscenter.com/events/detail/jordan-brand-classic-2018
Apr 7 2018, 7:30 PM, UFC 223, https://www.barclayscenter.com/events/detail/ufc-223
Apr 5 2018, 7:00 PM, New York Islanders vs. New York Rangers, https://www.barclayscenter.com/events/detail/new-york-islanders-vs-new-york-rangers-2018-04-05
Apr 4 2018, 7:00 PM, Lorde, https://www.barclayscenter.com/events/detail/lorde-2018
Apr 3 2018, 7:00 PM, New York Islanders vs. Philadelphia Flyers, https://www.barclayscenter.com/events/detail/new-york-islanders-vs-philadelphia-flyers-2018-04-03
Apr 1 2018, 6:00 PM, Brooklyn Nets vs. Detroit Pistons, https://www.barclayscenter.com/events/detail/brooklyn-nets-vs-detroit-pistons-2018-04-01
Mar 30 2018, 7:00 PM, New York Islanders vs. Toronto Maple Leafs, https://www.barclayscenter.com/events/detail/new-york-islanders-vs-toronto-maple-leafs-2018-03-30
Mar 26 2018, 7:00 PM, New York Islanders vs. Florida Panthers, https://www.barclayscenter.com/events/detail/new-york-islanders-vs-florida-panthers-2018-03-26
Mar 25 2018, 1:00 PM, Brooklyn Nets vs. Cleveland Cavaliers, https://www.barclayscenter.com/events/detail/brooklyn-nets-vs-cleveland-cavaliers-2018-03-25
Mar 24 2018, 7:00 PM, New York Islanders vs. Chicago Blackhawks, https://www.barclayscenter.com/events/detail/new-york-islanders-vs-chicago-blackhawks-2018-03-24
Mar 22 2018, 7:00 PM, New York Islanders vs. Tampa Bay Lightning, https://www.barclayscenter.com/events/detail/new-york-islanders-vs-tampa-bay-lightning-2018-03-22
Mar 21 2018, 7:30 PM, Brooklyn Nets vs. Charlotte Hornets, https://www.barclayscenter.com/events/detail/brooklyn-nets-vs-charlotte-hornets-2018-03-21
Mar 20 2018, 7:00 PM, New York Islanders vs. Pittsburgh Penguins, https://www.barclayscenter.com/events/detail/new-york-islanders-vs-pittsburgh-penguins-2018-03-20
Mar 19 2018, 7:30 PM, Brooklyn Nets vs. Memphis Grizzlies, https://www.barclayscenter.com/events/detail/brooklyn-nets-vs-memphis-grizzlies-2018-03-19
Mar 18 2018, 5:00 PM, New York Islanders vs. Carolina Hurricanes, https://www.barclayscenter.com/events/detail/new-york-islanders-vs-carolina-hurricanes-2018-03-18
Mar 17 2018, 9:45 AM, PSAL Basketball Championships, https://www.barclayscenter.com/events/detail/psal-basketball-championships-2018
Mar 16 2018, 7:30 PM, Demi Lovato & DJ Khaled, https://www.barclayscenter.com/events/detail/demi-lovato-dj-khaled-2018
Mar 15 2018, 7:00 PM, New York Islanders vs. Washington Capitals, https://www.barclayscenter.com/events/detail/new-york-islanders-vs-washington-capitals-2018-03-15
Mar 13 2018, 7:30 PM, Brooklyn Nets vs. Toronto Raptors, https://www.barclayscenter.com/events/detail/brooklyn-nets-vs-toronto-raptors-2018-03-13
Mar 11 2018, 7:30 PM, Brooklyn Nets vs. Philadelphia 76ers, https://www.barclayscenter.com/events/detail/brooklyn-nets-vs-philadelphia-76ers-2018-03-11
Mar 10 2018, 8:30 PM, 2018 ACC Men’s Basketball Tournament, https://www.barclayscenter.com/events/detail/acc-mens-basketball-tournament-2018
Mar 9 2018, 7:00 PM, 2018 ACC Men’s Basketball Tournament, https://www.barclayscenter.com/events/detail/acc-mens-basketball-tournament-2018
Mar 8 2018, 12:00 PM, 2018 ACC Men’s Basketball Tournament, https://www.barclayscenter.com/events/detail/acc-mens-basketball-tournament-2018
Mar 7 2018, 12:00 PM, 2018 ACC Men’s Basketball Tournament, https://www.barclayscenter.com/events/detail/acc-mens-basketball-tournament-2018
Mar 6 2018, 12:00 PM, 2018 ACC Men’s Basketball Tournament, https://www.barclayscenter.com/events/detail/acc-mens-basketball-tournament-2018
Mar 3 2018, 5:30 PM, Premier Boxing Champions: Deontay Wilder vs. Luis Ortiz, https://www.barclayscenter.com/events/detail/deontay-wilder-vs-luis-ortiz-2018
Mar 2 2018, 7:00 PM, New York Islanders vs. Montreal Canadiens, https://www.barclayscenter.com/events/detail/new-york-islanders-vs-montreal-canadiens-2018-03-02
Feb 26 2018, 7:30 PM, Brooklyn Nets vs. Chicago Bulls, https://www.barclayscenter.com/events/detail/brooklyn-nets-vs-chicago-bulls-2018-02-26
Feb 25 2018, 12:00 PM, Marvel Universe LIVE!, https://www.barclayscenter.com/events/detail/marvel-universe-live-2018
Feb 24 2018, 11:00 AM, Marvel Universe LIVE!, https://www.barclayscenter.com/events/detail/marvel-universe-live-2018
Feb 23 2018, 11:00 AM, Marvel Universe LIVE!, https://www.barclayscenter.com/events/detail/marvel-universe-live-2018
Feb 22 2018, 7:00 PM, Marvel Universe LIVE!, https://www.barclayscenter.com/events/detail/marvel-universe-live-2018
Feb 19 2018, 1:00 PM, New York Islanders vs. Minnesota Wild, https://www.barclayscenter.com/events/detail/new-york-islanders-vs-minnesota-wild-2018-02-19
Feb 17 2018, 8:00 PM, Ladies Night R&B Super Jam, https://www.barclayscenter.com/events/detail/ladies-night-rb-super-jam-2018
Feb 16 2018, 8:00 PM, Katt Williams, https://www.barclayscenter.com/events/detail/katt-williams-2018
Feb 15 2018, 7:00 PM, New York Islanders vs. New York Rangers, https://www.barclayscenter.com/events/detail/new-york-islanders-vs-new-york-rangers-2018-02-15
Feb 14 2018, 7:30 PM, Brooklyn Nets vs. Indiana Pacers, https://www.barclayscenter.com/events/detail/brooklyn-nets-vs-indiana-pacers-2018-02-14
Feb 13 2018, 7:00 PM, New York Islanders vs. Columbus Blue Jackets, https://www.barclayscenter.com/events/detail/new-york-islanders-vs-columbus-blue-jackets-2018-02-13
Feb 12 2018, 7:30 PM, Brooklyn Nets vs. Los Angeles Clippers, https://www.barclayscenter.com/events/detail/brooklyn-nets-vs-los-angeles-clippers-2018-02-12
Feb 11 2018, 7:00 PM, New York Islanders vs. Calgary Flames, https://www.barclayscenter.com/events/detail/new-york-islanders-vs-calgary-flames-2018-02-11
Feb 10 2018, 6:00 PM, Brooklyn Nets vs. New Orleans Pelicans, https://www.barclayscenter.com/events/detail/brooklyn-nets-vs-new-orleans-pelicans-2018-02-10
Feb 9 2018, 7:00 PM, New York Islanders vs. Detroit Red Wings, https://www.barclayscenter.com/events/detail/new-york-islanders-vs-detroit-red-wings-2018-02-09
Feb 6 2018, 7:30 PM, Brooklyn Nets vs. Houston Rockets, https://www.barclayscenter.com/events/detail/brooklyn-nets-vs-houston-rockets-2018-02-06
Feb 5 2018, 7:00 PM, New York Islanders vs. Nashville Predators, https://www.barclayscenter.com/events/detail/new-york-islanders-vs-nashville-predators-2018-02-05
Feb 4 2018, 12:00 PM, Brooklyn Nets vs. Milwaukee Bucks, https://www.barclayscenter.com/events/detail/brooklyn-nets-vs-milwaukee-bucks-2018-02-04
Feb 3 2018, 7:00 PM, New York Islanders vs. Columbus Blue Jackets, https://www.barclayscenter.com/events/detail/new-york-islanders-vs-columbus-blue-jackets-2018-02-03
Feb 2 2018, 7:30 PM, Brooklyn Nets vs. Los Angeles Lakers, https://www.barclayscenter.com/events/detail/brooklyn-nets-vs-los-angeles-lakers-2018-02-02
Jan 31 2018, 7:30 PM, Brooklyn Nets vs. Philadelphia 76ers, https://www.barclayscenter.com/events/detail/brooklyn-nets-vs-philadelphia-76ers-2018-01-31
Jan 30 2018, 7:00 PM, New York Islanders vs. Florida Panthers, https://www.barclayscenter.com/events/detail/new-york-islanders-vs-florida-panthers-2018-01-30
Jan 27 2018, 8:00 PM, Above & Beyond, https://www.barclayscenter.com/events/detail/above-beyond-2018
Jan 22 2018, 7:30 PM, WWE Monday Night RAW 25th Anniversary, https://www.barclayscenter.com/events/detail/wwe-monday-night-raw-2018-01-22
Jan 20 2018, 5:30 PM, Errol Spence Jr. vs. Lamont Peterson, https://www.barclayscenter.com/events/detail/errol-spence-jr-vs-lamont-peterson-2018
Jan 19 2018, 7:30 PM, Brooklyn Nets vs. Miami Heat, https://www.barclayscenter.com/events/detail/brooklyn-nets-vs-miami-heat-2018-01-19
Jan 18 2018, 7:00 PM, New York Islanders vs. Boston Bruins, https://www.barclayscenter.com/events/detail/new-york-islanders-vs-boston-bruins-2018-01-18
Jan 17 2018, 7:30 PM, Brooklyn Nets vs. San Antonio Spurs, https://www.barclayscenter.com/events/detail/brooklyn-nets-vs-san-antonio-spurs-2018-01-17
Jan 16 2018, 7:00 PM, New York Islanders vs. New Jersey Devils, https://www.barclayscenter.com/events/detail/new-york-islanders-vs-new-jersey-devils-2018-01-16
Jan 15 2018, 3:00 PM, Brooklyn Nets vs. New York Knicks, https://www.barclayscenter.com/events/detail/brooklyn-nets-vs-new-york-knicks-2018-01-15
Jan 12 2018, 8:00 PM, The Comedy Get Down, https://www.barclayscenter.com/events/detail/the-comedy-get-down-2018
Jan 10 2018, 7:30 PM, Brooklyn Nets vs. Detroit Pistons, https://www.barclayscenter.com/events/detail/brooklyn-nets-vs-detroit-pistons-2018-01-10
Jan 9 2018, 8:00 PM, The Killers, https://www.barclayscenter.com/events/detail/the-killers-2018
Jan 8 2018, 7:30 PM, Brooklyn Nets vs. Toronto Raptors, https://www.barclayscenter.com/events/detail/brooklyn-nets-vs-toronto-raptors-2018-01-08
Jan 7 2018, 1:00 PM, New York Islanders vs. New Jersey Devils, https://www.barclayscenter.com/events/detail/new-york-islanders-vs-new-jersey-devils-2018-01-07
Jan 6 2018, 6:00 PM, Brooklyn Nets vs. Boston Celtics, https://www.barclayscenter.com/events/detail/brooklyn-nets-vs-boston-celtics-2018-01-06
Jan 5 2018, 7:00 PM, New York Islanders vs. Pittsburgh Penguins, https://www.barclayscenter.com/events/detail/new-york-islanders-vs-pittsburgh-penguins-2018-01-05
Jan 3 2018, 7:30 PM, Brooklyn Nets vs. Minnesota Timberwolves, https://www.barclayscenter.com/events/detail/brooklyn-nets-vs-minnesota-timberwolves-2018-01-03
Jan 2 2018, 7:00 PM, New York Islanders vs. Boston Bruins, https://www.barclayscenter.com/events/detail/new-york-islanders-vs-boston-bruins-2018-01-02
Jan 1 2018, 7:30 PM, Brooklyn Nets vs. Orlando Magic, https://www.barclayscenter.com/events/detail/brooklyn-nets-vs-orlando-magic-2018-01-01
Dec 27 2017, 7:00 PM, New York Islanders vs. Buffalo Sabres, https://www.barclayscenter.com/events/detail/new-york-islanders-vs-buffalo-sabres-2017-12-27
Dec 26 2017, 2:00 PM, Harlem Globetrotters, https://www.barclayscenter.com/events/detail/harlem-globetrotters-2017-12-26
Dec 23 2017, 1:00 PM, New York Islanders vs. Winnipeg Jets, https://www.barclayscenter.com/events/detail/new-york-islanders-vs-winnipeg-jets-2017-12-23
Dec 22 2017, 7:30 PM, Brooklyn Nets vs. Washington Wizards, https://www.barclayscenter.com/events/detail/brooklyn-nets-vs-washington-wizards-2017-12-22
Dec 21 2017, 7:00 PM, New York Islanders vs. Anaheim Ducks, https://www.barclayscenter.com/events/detail/new-york-islanders-vs-anaheim-ducks-2017-12-21
Dec 20 2017, 7:30 PM, Brooklyn Nets vs. Sacramento Kings, https://www.barclayscenter.com/events/detail/brooklyn-nets-vs-sacramento-kings-2017-12-20
Dec 19 2017, 7:00 PM, New York Islanders vs. Detroit Red Wings, https://www.barclayscenter.com/events/detail/new-york-islanders-vs-detroit-red-wings-2017-12-19
Dec 17 2017, 12:00 PM, LIU BROOKLYN VS. ST. PETER’S, https://www.barclayscenter.com/events/detail/liu-brooklyn-vs-st-peters-2017
Dec 16 2017, 7:00 PM, New York Islanders vs. Los Angeles Kings, https://www.barclayscenter.com/events/detail/new-york-islanders-vs-los-angeles-kings-2017-12-16
Dec 15 2017, 7:30 PM, ODESZA, https://www.barclayscenter.com/events/detail/odesza-2017
Dec 14 2017, 7:30 PM, Brooklyn Nets vs. New York Knicks, https://www.barclayscenter.com/events/detail/brooklyn-nets-vs-new-york-knicks-2017-12-14
Dec 13 2017, 7:00 PM, New York Islanders vs. Dallas Stars, https://www.barclayscenter.com/events/detail/new-york-islanders-vs-dallas-stars-2017-12-13
Dec 12 2017, 7:30 PM, Brooklyn Nets vs. Washington Wizards, https://www.barclayscenter.com/events/detail/brooklyn-nets-vs-washington-wizards-2017-12-12
Dec 11 2017, 7:00 PM, New York Islanders vs. Washington Capitals, https://www.barclayscenter.com/events/detail/new-york-islanders-vs-washington-capitals-2017-12-11
Dec 10 2017, 1:00 PM, LIU VS LEHIGH (WOMEN) AND LIU VS FAIRFIELD (MEN), https://www.barclayscenter.com/events/detail/liu-vs-lehigh-women-and-liu-vs-fairfield-men-2017
Dec 9 2017, 8:00 PM, Chris Rock, https://www.barclayscenter.com/events/detail/chris-rock-2017
Dec 7 2017, 8:00 PM, Disney Tim Burton’s The Nightmare Before Christmas, https://www.barclayscenter.com/events/detail/disney-tim-burtons-the-nightmare-before-christmas
Dec 6 2017, 8:00 PM, Disney Tim Burton’s The Nightmare Before Christmas, https://www.barclayscenter.com/events/detail/disney-tim-burtons-the-nightmare-before-christmas
Dec 5 2017, 8:00 PM, Sports Illustrated 2017 Sportsperson of the Year, https://www.barclayscenter.com/events/detail/sports-illustrated-2017-sportsperson-of-the-year
Dec 2 2017, 3:00 PM, Brooklyn Nets vs. Atlanta Hawks, https://www.barclayscenter.com/events/detail/brooklyn-nets-vs-atlanta-hawks-2017-12-02
Dec 1 2017, 7:00 PM, New York Islanders vs. Ottawa Senators, https://www.barclayscenter.com/events/detail/new-york-islanders-vs-ottawa-senators-2017-12-01
Nov 28 2017, 7:00 PM, New York Islanders vs. Vancouver Canucks, https://www.barclayscenter.com/events/detail/new-york-islanders-vs-vancouver-canucks-2017-11-28
Nov 27 2017, 8:00 PM, JAY-Z, https://www.barclayscenter.com/events/detail/jay-z-444-tour-2017
Nov 26 2017, 8:00 PM, JAY-Z, https://www.barclayscenter.com/events/detail/jay-z-444-tour-2017
Nov 25 2017, 2:30 PM, Barclays Center Classic, https://www.barclayscenter.com/events/detail/barclays-center-classic-2017
Nov 24 2017, 12:00 PM, Brooklyn Nets vs. Portland Trail Blazers, https://www.barclayscenter.com/events/detail/brooklyn-nets-vs-portland-trail-blazers-2017-11-24
Nov 23 2017, 4:00 PM, NIT Season Tip-Off, https://www.barclayscenter.com/events/detail/nit-season-tip-off-2017
Nov 22 2017, 7:00 PM, New York Islanders vs. Philadelphia Flyers, https://www.barclayscenter.com/events/detail/new-york-islanders-vs-philadelphia-flyers-2017-11-22
Nov 21 2017, 3:30 PM, Progressive Legends Classic, https://www.barclayscenter.com/events/detail/legends-classic-2017
Nov 20 2017, 7:00 PM, Progressive Legends Classic, https://www.barclayscenter.com/events/detail/legends-classic-2017
Nov 19 2017, 6:00 PM, Brooklyn Nets vs. Golden State Warriors, https://www.barclayscenter.com/events/detail/brooklyn-nets-vs-golden-state-warriors-2017-11-19
Nov 18 2017, 8:00 PM, Mayday, https://www.barclayscenter.com/events/detail/mayday-2017
Nov 17 2017, 7:30 PM, Brooklyn Nets vs. Utah Jazz, https://www.barclayscenter.com/events/detail/brooklyn-nets-vs-utah-jazz-2017-11-17
Nov 16 2017, 7:00 PM, New York Islanders vs. Carolina Hurricanes, https://www.barclayscenter.com/events/detail/new-york-islanders-vs-carolina-hurricanes-2017-11-16
Nov 15 2017, 8:00 PM, Janet Jackson, https://www.barclayscenter.com/events/detail/janet-jackson-2017
Nov 14 2017, 7:30 PM, Brooklyn Nets vs. Boston Celtics, https://www.barclayscenter.com/events/detail/brooklyn-nets-vs-boston-celtics-2017-11-14
Nov 12 2017, 11:00 AM, Disney On Ice presents Dare To Dream, https://www.barclayscenter.com/events/detail/disney-on-ice-presents-dare-to-dream-2017
Nov 11 2017, 11:00 AM, Disney On Ice presents Dare To Dream, https://www.barclayscenter.com/events/detail/disney-on-ice-presents-dare-to-dream-2017
Nov 10 2017, 7:00 PM, Disney On Ice presents Dare To Dream, https://www.barclayscenter.com/events/detail/disney-on-ice-presents-dare-to-dream-2017
Nov 9 2017, 11:00 AM, Disney On Ice presents Dare To Dream, https://www.barclayscenter.com/events/detail/disney-on-ice-presents-dare-to-dream-2017
Nov 7 2017, 7:00 PM, New York Islanders vs. Edmonton Oilers, https://www.barclayscenter.com/events/detail/new-york-islanders-vs-edmonton-oilers-2017-11-07
Nov 5 2017, 6:00 PM, New York Islanders vs. Colorado Avalanche, https://www.barclayscenter.com/events/detail/new-york-islanders-vs-colorado-avalanche-2017-11-05
Nov 4 2017, 5:30 PM, Premier Boxing Champions: Deontay Wilder vs. Bermane Stiverne, https://www.barclayscenter.com/events/detail/premier-boxing-champions-deontay-wilder-vs-bermane-stiverne-2017
Nov 3 2017, 8:00 PM, Masters of Ceremony, https://www.barclayscenter.com/events/detail/masters-of-ceremony-2017
Nov 2 2017, 8:00 PM, A Perfect Circle, https://www.barclayscenter.com/events/detail/a-perfect-circle-2017
Oct 31 2017, 7:30 PM, Brooklyn Nets vs. Phoenix Suns, https://www.barclayscenter.com/events/detail/brooklyn-nets-vs-phoenix-suns-2017-10-31
Oct 30 2017, 7:00 PM, New York Islanders vs. Vegas Golden Knights, https://www.barclayscenter.com/events/detail/new-york-islanders-vs-las-vegas-knights-2017-10-30
Oct 29 2017, 6:00 PM, Brooklyn Nets vs. Denver Nuggets, https://www.barclayscenter.com/events/detail/brooklyn-nets-vs-denver-nuggets-2017-10-29
Oct 28 2017, 7:00 PM, Fall Out Boy, https://www.barclayscenter.com/events/detail/fall-out-boy-2017
Oct 27 2017, 7:30 PM, Tim McGraw & Faith Hill: Soul2Soul The World Tour 2017, https://www.barclayscenter.com/events/detail/tim-mcgraw-faith-hill-soul2soul-the-world-tour-2017
Oct 26 2017, 7:00 PM, Powerhouse 2017, https://www.barclayscenter.com/events/detail/powerhouse-2017
Oct 25 2017, 7:30 PM, Brooklyn Nets vs. Cleveland Cavaliers, https://www.barclayscenter.com/events/detail/brooklyn-nets-vs-cleveland-cavaliers-2017-10-25
Oct 24 2017, 7:00 PM, New York Islanders vs. Arizona Coyotes, https://www.barclayscenter.com/events/detail/new-york-islanders-vs-arizona-coyotes-2017-10-24
Oct 23 2017, 7:30 PM, Imagine Dragons, https://www.barclayscenter.com/events/detail/imagine-dragons-2017
Oct 22 2017, 3:30 PM, Brooklyn Nets vs. Atlanta Hawks, https://www.barclayscenter.com/events/detail/brooklyn-nets-vs-atlanta-hawks-2017-10-22
Oct 21 2017, 7:00 PM, New York Islanders vs. San Jose Sharks, https://www.barclayscenter.com/events/detail/new-york-islanders-vs-san-jose-sharks-2017-10-21
Oct 20 2017, 7:30 PM, Brooklyn Nets vs. Orlando Magic, https://www.barclayscenter.com/events/detail/brooklyn-nets-vs-orlando-magic-2017-10-20
Oct 17 2017, 8:00 PM, TIDAL X Brooklyn, https://www.barclayscenter.com/events/detail/tidal-x-brooklyn-2017
Oct 14 2017, 6:30 PM, Premier Boxing Champions: Erislandy Lara vs. Terrell Gausha, https://www.barclayscenter.com/events/detail/premier-boxing-champions-erislandy-lara-vs-terrell-gausha
Oct 13 2017, 7:00 PM, Halsey, https://www.barclayscenter.com/events/detail/halsey-2017
Oct 11 2017, 7:00 PM, Katy Perry, https://www.barclayscenter.com/events/detail/katy-perry-2017
Oct 9 2017, 1:00 PM, New York Islanders vs. St. Louis Blues, https://www.barclayscenter.com/events/detail/new-york-islanders-vs-st-louis-blues-2017-10-09
Oct 8 2017, 7:30 PM, Brooklyn Nets vs. New York Knicks, https://www.barclayscenter.com/events/detail/preseason-brooklyn-nets-vs-new-york-knicks-2017-10-08
Oct 7 2017, 7:00 PM, New York Islanders vs. Buffalo Sabres, https://www.barclayscenter.com/events/detail/new-york-islanders-vs-buffalo-sabres-2017-10-07
Oct 5 2017, 7:30 PM, Brooklyn Nets vs. Miami Heat, https://www.barclayscenter.com/events/detail/preseason-brooklyn-nets-vs-miami-heat-2017-10-05
Oct 4 2017, 8:00 PM, Bruno Mars, https://www.barclayscenter.com/events/detail/bruno-mars-2017
Oct 1 2017, 7:30 PM, Ed Sheeran, https://www.barclayscenter.com/events/detail/ed-sheeran-2017
Sep 30 2017, 7:30 PM, Ed Sheeran, https://www.barclayscenter.com/events/detail/ed-sheeran-2017
Sep 29 2017, 7:30 PM, Ed Sheeran, https://www.barclayscenter.com/events/detail/ed-sheeran-2017
Sep 25 2017, 7:00 PM, Islanders vs. Devils, https://www.barclayscenter.com/events/detail/pre-season-new-york-islanders-vs-new-jersey-devils-2017-09-25
Sep 21 2017, 8:00 PM, Paul McCartney, https://www.barclayscenter.com/events/detail/paul-mccartney-2017
Sep 20 2017, 7:00 PM, Islanders vs. Flyers, https://www.barclayscenter.com/events/detail/pre-season-new-york-islanders-vs-philadelphia-flyers-2017-09-20
Sep 19 2017, 8:00 PM, Paul McCartney, https://www.barclayscenter.com/events/detail/paul-mccartney-2017
Sep 17 2017, 10:00 AM, ESL One New York, https://www.barclayscenter.com/events/detail/esl-one-new-york-2017
Sep 16 2017, 10:30 AM, ESL One New York, https://www.barclayscenter.com/events/detail/esl-one-new-york-2017
Sep 12 2017, 8:00 PM, Roger Waters, https://www.barclayscenter.com/events/detail/roger-waters
Sep 11 2017, 8:00 PM, Roger Waters, https://www.barclayscenter.com/events/detail/roger-waters
Aug 22 2017, 7:45 PM, WWE SMACKDOWN LIVE, https://www.barclayscenter.com/events/detail/wwe-smackdown-live-2017
Aug 21 2017, 7:30 PM, WWE MONDAY NIGHT RAW, https://www.barclayscenter.com/events/detail/wwe-monday-night-raw-2017
Aug 20 2017, 6:30 PM, WWE SummerSlam, https://www.barclayscenter.com/events/detail/wwe-summerslam-2017
Aug 19 2017, 10:00 AM, WWE Meet & Greets, https://www.barclayscenter.com/events/detail/wwe-meet-greets-2017
Aug 18 2017, 1:00 PM, WWE Meet & Greets, https://www.barclayscenter.com/events/detail/wwe-meet-greets-2017
Aug 16 2017, 7:30 PM, Shawn Mendes, https://www.barclayscenter.com/events/detail/shawn-mendes-2017
Aug 11 2017, 7:30 PM, United Praise NYC, https://www.barclayscenter.com/events/detail/united-praise-nyc-2017
Aug 8 2017, 8:00 PM, Logic, https://www.barclayscenter.com/events/detail/logic-2017
Aug 2 2017, 8:00 PM, J. Cole, https://www.barclayscenter.com/events/detail/j-cole
Aug 1 2017, 8:00 PM, J. Cole, https://www.barclayscenter.com/events/detail/j-cole
Jul 29 2017, 5:00 PM, Adrien Broner vs. Mikey Garcia, https://www.barclayscenter.com/events/detail/adrien-broner-vs-mikey-garcia-2017
Jul 28 2017, 8:00 PM, Queen + Adam Lambert, https://www.barclayscenter.com/events/detail/queen-adam-lambert
Jul 27 2017, 9:00 PM, G-DRAGON, https://www.barclayscenter.com/events/detail/g-dragon-2017
Jul 23 2017, 7:30 PM, Kendrick Lamar, https://www.barclayscenter.com/events/detail/kendrick-lamar-2017
Jul 22 2017, 7:30 PM, Iron Maiden, https://www.barclayscenter.com/events/detail/iron-maiden
Jul 21 2017, 7:30 PM, Iron Maiden, https://www.barclayscenter.com/events/detail/iron-maiden
Jul 20 2017, 7:30 PM, Kendrick Lamar, https://www.barclayscenter.com/events/detail/kendrick-lamar-2017
Jul 13 2017, 7:00 PM, Mayweather vs. McGregor World Tour, https://www.barclayscenter.com/events/detail/mayweather-vs-mcgregor-world-tour
Jul 9 2017, 1:30 PM, Cirque du Soleil: OVO, https://www.barclayscenter.com/events/detail/cirque-du-soleil-ovo-2017
Jul 8 2017, 4:00 PM, Cirque du Soleil: OVO, https://www.barclayscenter.com/events/detail/cirque-du-soleil-ovo-2017
Jul 7 2017, 7:30 PM, Cirque du Soleil: OVO, https://www.barclayscenter.com/events/detail/cirque-du-soleil-ovo-2017
Jul 6 2017, 7:30 PM, Cirque du Soleil: OVO, https://www.barclayscenter.com/events/detail/cirque-du-soleil-ovo-2017
Jul 5 2017, 7:30 PM, Cirque du Soleil: OVO, https://www.barclayscenter.com/events/detail/cirque-du-soleil-ovo-2017
Jun 27 2017, 7:30 PM, The Total Package Tour, https://www.barclayscenter.com/events/detail/the-total-package-tour
Jun 25 2017, 1:00 PM, Power 105.1 Presents BIG3: BROOKLYN, https://www.barclayscenter.com/events/detail/big3-presents-brooklyn
Jun 22 2017, 7:00 PM, NBA Draft 2017, https://www.barclayscenter.com/events/detail/nba-draft-2017
Jun 10 2017, 8:00 PM, 33rd New York Salsa Festival, https://www.barclayscenter.com/events/detail/33rd-new-york-salsa-festival-2017
Jun 9 2017, 8:00 PM, Soulfrito Urban Latin Music Fest, https://www.barclayscenter.com/events/detail/soulfrito-urban-latin-music-festival-2017
Jun 7 2017, 7:30 PM, The Weeknd, https://www.barclayscenter.com/events/detail/the-weeknd-2017
Jun 6 2017, 7:30 PM, The Weeknd, https://www.barclayscenter.com/events/detail/the-weeknd-2017
Jun 3 2017, 7:00 PM, An Evening With Victor Drobysh and Friends, https://www.barclayscenter.com/events/detail/victor-drobysh-and-friends-2017
May 19 2017, 7:00 PM, Future, https://www.barclayscenter.com/events/detail/future-2017
May 12 2017, 8:00 PM, Mother’s Day Good Music Festival, https://www.barclayscenter.com/events/detail/mothers-day-good-music-festival-2017
May 6 2017, 8:00 PM, Barbra Streisand, https://www.barclayscenter.com/events/detail/barbra-streisand-2017
Apr 24 2017, 7:30 PM, Chris Brown, https://www.barclayscenter.com/events/detail/chris-brown-2017
Apr 22 2017, 5:30 PM, Premier Boxing Champions: Andre Berto vs. Shawn Porter, https://www.barclayscenter.com/events/detail/premier-boxing-champions-andre-berto-vs-shawn-porter
Apr 21 2017, 7:30 PM, Ruff Ryders and Friends – Reunion Tour – Past Present and Future, https://www.barclayscenter.com/events/detail/ruff-ryders-reunion-tour-and-friends-past-present-and-future
Apr 15 2017, 8:00 PM, Katt Williams: Great America Tour, https://www.barclayscenter.com/events/detail/katt-williams-2017
Apr 14 2017, 1:00 PM, Jordan Brand Classic, https://www.barclayscenter.com/events/detail/jordan-brand-classic-2017
Apr 9 2017, 5:00 PM, New York Islanders vs. Ottawa Senators, https://www.barclayscenter.com/events/detail/new-york-islanders-vs-ottawa-senators-2
Apr 8 2017, 5:00 PM, Brooklyn Nets vs. Chicago Bulls, https://www.barclayscenter.com/events/detail/brooklyn-nets-vs-chicago-bulls-6
Apr 7 2017, 7:00 PM, 32nd Annual Rock and Roll Hall of Fame Induction Ceremony, https://www.barclayscenter.com/events/detail/32nd-annual-rock-and-roll-hall-of-fame-induction-ceremony
Apr 2 2017, 12:00 PM, Harlem Globetrotters, https://www.barclayscenter.com/events/detail/harlem-globetrotters-2017
Apr 1 2017, 6:00 PM, Brooklyn Nets vs. Orlando Magic, https://www.barclayscenter.com/events/detail/brooklyn-nets-vs-orlando-magic-6
Mar 31 2017, 7:30 PM, New York Islanders vs. New Jersey Devils, https://www.barclayscenter.com/events/detail/new-york-islanders-vs-new-jersey-devils-5
Mar 30 2017, 8:00 PM, Bastille, https://www.barclayscenter.com/events/detail/bastille-2017
Mar 29 2017, 7:30 PM, Charlie Wilson, https://www.barclayscenter.com/events/detail/charlie-wilson-2017
Mar 28 2017, 7:30 PM, Brooklyn Nets vs. Philadelphia 76ers, https://www.barclayscenter.com/events/detail/brooklyn-nets-vs-philadelphia-76ers-10
Mar 27 2017, 7:00 PM, New York Islanders vs. Nashville Predators, https://www.barclayscenter.com/events/detail/new-york-islanders-vs-nashville-predators-1
Mar 25 2017, 7:00 PM, New York Islanders vs. Boston Bruins, https://www.barclayscenter.com/events/detail/new-york-islanders-vs-boston-bruins-2
Mar 23 2017, 7:30 PM, Brooklyn Nets vs. Phoenix Suns, https://www.barclayscenter.com/events/detail/brooklyn-nets-vs-phoenix-suns-3
Mar 21 2017, 7:30 PM, Brooklyn Nets vs. Detroit Pistons, https://www.barclayscenter.com/events/detail/brooklyn-nets-vs-detroit-pistons-8
Mar 20 2017, 7:30 PM, WWE Monday Night RAW, https://www.barclayscenter.com/events/detail/wwe-monday-night-raw-03-2017
Mar 19 2017, 12:00 PM, Brooklyn Nets vs. Dallas Mavericks, https://www.barclayscenter.com/events/detail/brooklyn-nets-vs-dallas-mavericks-3
Mar 18 2017, 1:00 PM, New York Islanders vs. Columbus Blue Jackets, https://www.barclayscenter.com/events/detail/new-york-islanders-vs-columbus-blue-jackets-2
Mar 17 2017, 7:30 PM, Brooklyn Nets vs. Boston Celtics, https://www.barclayscenter.com/events/detail/brooklyn-nets-vs-boston-celtics-11
Mar 16 2017, 7:00 PM, New York Islanders vs. Winnipeg Jets, https://www.barclayscenter.com/events/detail/new-york-islanders-vs-winnipeg-jets-1
Mar 15 2017, 8:00 PM, Green Day, https://www.barclayscenter.com/events/detail/green-day-2017
Mar 14 2017, 7:30 PM, Brooklyn Nets vs. Oklahoma City Thunder, https://www.barclayscenter.com/events/detail/brooklyn-nets-vs-oklahoma-city-thunder-3
Mar 13 2017, 7:30 PM, New York Islanders vs. Carolina Hurricanes, https://www.barclayscenter.com/events/detail/new-york-islanders-vs-carolina-hurricanes-3
Mar 12 2017, 6:00 PM, Brooklyn Nets vs. New York Knicks, https://www.barclayscenter.com/events/detail/brooklyn-nets-vs-new-york-knicks-7
Mar 11 2017, 9:00 PM, 2017 ACC Men’s Basketball Tournament, https://www.barclayscenter.com/events/detail/acc-mens-basketball-tournament
Mar 10 2017, 7:00 PM, 2017 ACC Men’s Basketball Tournament, https://www.barclayscenter.com/events/detail/acc-mens-basketball-tournament
Mar 9 2017, 12:00 PM, 2017 ACC Men’s Basketball Tournament, https://www.barclayscenter.com/events/detail/acc-mens-basketball-tournament
Mar 8 2017, 12:00 PM, 2017 ACC Men’s Basketball Tournament, https://www.barclayscenter.com/events/detail/acc-mens-basketball-tournament
Mar 7 2017, 12:00 PM, 2017 ACC Men’s Basketball Tournament, https://www.barclayscenter.com/events/detail/acc-mens-basketball-tournament
Mar 4 2017, 6:30 PM, Premier Boxing Champions: Keith Thurman vs. Danny Garcia, https://www.barclayscenter.com/events/detail/keith-thurman-vs-danny-garcia
Mar 3 2017, 7:00 PM, Ringling Bros. and Barnum & Bailey® Presents Out Of This World, https://www.barclayscenter.com/events/detail/ringling-bros-and-barnum-bailey-presents-out-of-this-world
Mar 2 2017, 10:30 AM, Ringling Bros. and Barnum & Bailey® Presents Out Of This World, https://www.barclayscenter.com/events/detail/ringling-bros-and-barnum-bailey-presents-out-of-this-world
Mar 1 2017, 7:00 PM, Ringling Bros. and Barnum & Bailey® Presents Out Of This World, https://www.barclayscenter.com/events/detail/ringling-bros-and-barnum-bailey-presents-out-of-this-world
Feb 28 2017, 7:00 PM, Ringling Bros. and Barnum & Bailey® Presents Out Of This World, https://www.barclayscenter.com/events/detail/ringling-bros-and-barnum-bailey-presents-out-of-this-world
Feb 26 2017, 11:00 AM, Ringling Bros. and Barnum & Bailey® Presents Out Of This World, https://www.barclayscenter.com/events/detail/ringling-bros-and-barnum-bailey-presents-out-of-this-world
Feb 25 2017, 11:00 AM, Ringling Bros. and Barnum & Bailey® Presents Out Of This World, https://www.barclayscenter.com/events/detail/ringling-bros-and-barnum-bailey-presents-out-of-this-world
Feb 24 2017, 11:00 AM, Ringling Bros. and Barnum & Bailey® Presents Out Of This World, https://www.barclayscenter.com/events/detail/ringling-bros-and-barnum-bailey-presents-out-of-this-world
Feb 23 2017, 7:00 PM, Ringling Bros. and Barnum & Bailey® Presents Out Of This World, https://www.barclayscenter.com/events/detail/ringling-bros-and-barnum-bailey-presents-out-of-this-world
Feb 19 2017, 6:00 PM, New York Islanders vs. New Jersey Devils, https://www.barclayscenter.com/events/detail/new-york-islanders-vs-new-jersey-devils-4
Feb 18 2017, 11:00 AM, Cancelled - Brooklyn Food & Wine, https://www.barclayscenter.com/events/detail/brooklyn-food-wine
Feb 17 2017, 5:00 PM, Cancelled - Brooklyn Food & Wine, https://www.barclayscenter.com/events/detail/brooklyn-food-wine
Feb 16 2017, 7:00 PM, New York Islanders vs. New York Rangers, https://www.barclayscenter.com/events/detail/new-york-islanders-vs-new-york-rangers-3
Feb 15 2017, 7:30 PM, Brooklyn Nets vs. Milwaukee Bucks, https://www.barclayscenter.com/events/detail/brooklyn-nets-vs-milwaukee-bucks-6
Feb 13 2017, 7:30 PM, Brooklyn Nets vs. Memphis Grizzlies, https://www.barclayscenter.com/events/detail/brooklyn-nets-vs-memphis-grizzlies-3
Feb 12 2017, 6:00 PM, New York Islanders vs. Colorado Avalanche, https://www.barclayscenter.com/events/detail/new-york-islanders-vs-colorado-avalanche-1
Feb 11 2017, 7:30 PM, UFC 208, https://www.barclayscenter.com/events/detail/ufc-208
Feb 10 2017, 7:30 PM, Brooklyn Nets vs. Miami Heat, https://www.barclayscenter.com/events/detail/brooklyn-nets-vs-miami-heat-7
Feb 9 2017, 8:00 PM, Ladies Night R&B Super Jam, https://www.barclayscenter.com/events/detail/ladies-night-rb-super-jam-2017
Feb 8 2017, 7:30 PM, Brooklyn Nets vs. Washington Wizards, https://www.barclayscenter.com/events/detail/brooklyn-nets-vs-washington-wizards-6
Feb 6 2017, 7:00 PM, New York Islanders vs. Toronto Maple Leafs, https://www.barclayscenter.com/events/detail/new-york-islanders-vs-toronto-maple-leafs-2
Feb 5 2017, 12:00 PM, Brooklyn Nets vs. Toronto Raptors, https://www.barclayscenter.com/events/detail/brooklyn-nets-vs-toronto-raptors-7
Feb 4 2017, 7:00 PM, New York Islanders vs. Carolina Hurricanes, https://www.barclayscenter.com/events/detail/new-york-islanders-vs-carolina-hurricanes-2
Feb 3 2017, 7:30 PM, Brooklyn Nets vs. Indiana Pacers, https://www.barclayscenter.com/events/detail/brooklyn-nets-vs-indiana-pacers-6
Feb 1 2017, 7:30 PM, Brooklyn Nets vs. New York Knicks, https://www.barclayscenter.com/events/detail/brooklyn-nets-vs-new-york-knicks-6
